,conversation_id,reply_settings,referenced_tweets,edit_history_tweet_ids,public_metrics,text,context_annotations,lang,entities,id,author_id,in_reply_to_user_id,created_at,possibly_sensitive,attachments
0,1622286048716886016,everyone,"[{'type': 'replied_to', 'id': '1622373225438089216'}]",['1622377146051346432'],"{'retweet_count': 0, 'reply_count': 2, 'like_count': 17, 'quote_count': 1, 'impression_count': 3156}",@elonmusk @DriveTeslaca I find it hilarious that accounts post news from @elonmusk. He‚Äôs right here. It‚Äôs like narrating your friends arrival in the room after everyone has said hello already.,"[{'domain': {'id': '46', 'name': 'Business Taxonomy', 'description': 'Categories within Brand Verticals that narrow down the scope of Brands'}, 'entity': {'id': '1557696848252391426', 'name': 'Financial Services Business', 'description': 'Brands, companies, advertisers and every non-person handle with the profit intent related to Banks, Credit cards, Insurance, Investments, Stocks '}}, {'domain': {'id': '46', 'name': 'Business Taxonomy', 'description': 'Categories within Brand Verticals that narrow down the scope of Brands'}, 'entity': {'id': '1557697333571112960', 'name': 'Technology Business', 'description': 'Brands, companies, advertisers and every non-person handle with the profit intent related to softwares, apps, communication equipments, hardwares'}}, {'domain': {'id': '10', 'name': 'Person', 'description': 'Named people in the world like Nelson Mandela'}, 'entity': {'id': '808713037230157824', 'name': 'Elon Musk', 'description': 'Elon Musk'}}, {'domain': {'id': '65', 'name': 'Interests and Hobbies Vertical', 'description': 'Top level interests and hobbies groupings, like Food or Travel'}, 'entity': {'id': '781974596148793345', 'name': 'Business & finance'}}, {'domain': {'id': '66', 'name': 'Interests and Hobbies Category', 'description': 'A grouping of interests and hobbies entities, like Novelty Food or Destinations'}, 'entity': {'id': '857878777191211008', 'name': 'Leadership', 'description': 'Leadership'}}, {'domain': {'id': '131', 'name': 'Unified Twitter Taxonomy', 'description': 'A taxonomy of user interests. '}, 'entity': {'id': '808713037230157824', 'name': 'Elon Musk', 'description': 'Elon Musk'}}, {'domain': {'id': '131', 'name': 'Unified Twitter Taxonomy', 'description': 'A taxonomy of user interests. '}, 'entity': {'id': '1091420346660470784', 'name': 'Tech personalities', 'description': 'Tech Professionals'}}, {'domain': {'id': '131', 'name': 'Unified Twitter Taxonomy', 'description': 'A taxonomy of user interests. '}, 'entity': {'id': '1166406108623163392', 'name': 'Business personalities'}}]",en,"{'mentions': [{'start': 0, 'end': 9, 'username': 'elonmusk', 'id': '44196397'}, {'start': 10, 'end': 23, 'username': 'DriveTeslaca', 'id': '1169348503975317504'}, {'start': 73, 'end': 82, 'username': 'elonmusk', 'id': '44196397'}]}",1622377146051346432,1520420028226707457,44196397,2023-02-05T23:30:28.000Z,False,
1,1622372683559100421,everyone,"[{'type': 'retweeted', 'id': '1620551407177986048'}]",['1622372683559100421'],"{'retweet_count': 1, 'reply_count': 0, 'like_count': 0, 'quote_count': 0, 'impression_count': 0}","RT @mypreciousdoge: All hail Luna , she‚Äôs calling for $doge , it‚Äôs been way to long  since her last visitors  . Words are in space ‚Äúan actu‚Ä¶","[{'domain': {'id': '46', 'name': 'Business Taxonomy', 'description': 'Categories within Brand Verticals that narrow down the scope of Brands'}, 'entity': {'id': '1557696848252391426', 'name': 'Financial Services Business', 'description': 'Brands, companies, advertisers and every non-person handle with the profit intent related to Banks, Credit cards, Insurance, Investments, Stocks '}}, {'domain': {'id': '30', 'name': 'Entities [Entity Service]', 'description': 'Entity Service top level domain, every item that is in Entity Service should be in this domain'}, 'entity': {'id': '1139229372198469633', 'name': 'Dogecoin cryptocurrency'}}, {'domain': {'id': '66', 'name': 'Interests and Hobbies Category', 'description': 'A grouping of interests and hobbies entities, like Novelty Food or Destinations'}, 'entity': {'id': '913142676819648512', 'name': 'Cryptocurrencies', 'description': 'Cryptocurrency'}}, {'domain': {'id': '131', 'name': 'Unified Twitter Taxonomy', 'description': 'A taxonomy of user interests. '}, 'entity': {'id': '847894852779900928', 'name': 'Stocks & indices', 'description': 'Stocks'}}, {'domain': {'id': '131', 'name': 'Unified Twitter Taxonomy', 'description': 'A taxonomy of user interests. '}, 'entity': {'id': '913142676819648512', 'name': 'Cryptocurrencies', 'description': 'Cryptocurrency'}}, {'domain': {'id': '131', 'name': 'Unified Twitter Taxonomy', 'description': 'A taxonomy of user interests. '}, 'entity': {'id': '1139229372198469633', 'name': 'Dogecoin cryptocurrency'}}, {'domain': {'id': '131', 'name': 'Unified Twitter Taxonomy', 'description': 'A taxonomy of user interests. '}, 'entity': {'id': '1303026843365171206', 'name': '$DOGE'}}, {'domain': {'id': '131', 'name': 'Unified Twitter Taxonomy', 'description': 'A taxonomy of user interests. '}, 'entity': {'id': '1484181943616884743', 'name': 'Cryptocoins'}}, {'domain': {'id': '131', 'name': 'Unified Twitter Taxonomy', 'description': 'A taxonomy of user interests. '}, 'entity': {'id': '1491481998862348291', 'name': 'Digital asset industry'}}, {'domain': {'id': '131', 'name': 'Unified Twitter Taxonomy', 'description': 'A taxonomy of user interests. '}, 'entity': {'id': '1492162686204854274', 'name': 'Digital assets & cryptocurrency', 'description': 'Cryptocurrency'}}, {'domain': {'id': '166', 'name': 'Stocks', 'description': 'for individual and types of stocks, e.g., $TRX, $QQQ'}, 'entity': {'id': '1303026843365171206', 'name': '$DOGE'}}, {'domain': {'id': '174', 'name': 'Digital Assets & Crypto', 'description': 'For cryptocurrency entities'}, 'entity': {'id': '1139229372198469633', 'name': 'Dogecoin cryptocurrency'}}]",en,"{'annotations': [{'start': 29, 'end': 32, 'probability': 0.7245, 'type': 'Other', 'normalized_text': 'Luna'}], 'cashtags': [{'start': 54, 'end': 59, 'tag': 'doge'}], 'mentions': [{'start': 3, 'end': 18, 'username': 'mypreciousdoge', 'id': '1487282379584589827'}]}",1622372683559100421,1487282379584589827,,2023-02-05T23:12:44.000Z,False,
2,1622372380428451840,everyone,,['1622372380428451840'],"{'retweet_count': 0, 'reply_count': 0, 'like_count': 0, 'quote_count': 0, 'impression_count': 29}",No help from @elonmusk to reinstate Doctor medic a Maga Patriot on Truth Social. Representing approx 1000 members strong across the U.S. https://t.co/z82SNNC9Tt,"[{'domain': {'id': '46', 'name': 'Business Taxonomy', 'description': 'Categories within Brand Verticals that narrow down the scope of Brands'}, 'entity': {'id': '1557696848252391426', 'name': 'Financial Services Business', 'description': 'Brands, companies, advertisers and every non-person handle with the profit intent related to Banks, Credit cards, Insurance, Investments, Stocks '}}, {'domain': {'id': '46', 'name': 'Business Taxonomy', 'description': 'Categories within Brand Verticals that narrow down the scope of Brands'}, 'entity': {'id': '1557697333571112960', 'name': 'Technology Business', 'description': 'Brands, companies, advertisers and every non-person handle with the profit intent related to softwares, apps, communication equipments, hardwares'}}, {'domain': {'id': '47', 'name': 'Brand', 'description': 'Brands and Companies'}, 'entity': {'id': '1496213793243729920', 'name': 'Truth Social'}}, {'domain': {'id': '131', 'name': 'Unified Twitter Taxonomy', 'description': 'A taxonomy of user interests. '}, 'entity': {'id': '1496213793243729920', 'name': 'Truth Social'}}, {'domain': {'id': '10', 'name': 'Person', 'description': 'Named people in the world like Nelson Mandela'}, 'entity': {'id': '808713037230157824', 'name': 'Elon Musk', 'description': 'Elon Musk'}}, {'domain': {'id': '65', 'name': 'Interests and Hobbies Vertical', 'description': 'Top level interests and hobbies groupings, like Food or Travel'}, 'entity': {'id': '781974596148793345', 'name': 'Business & finance'}}, {'domain': {'id': '66', 'name': 'Interests and Hobbies Category', 'description': 'A grouping of interests and hobbies entities, like Novelty Food or Destinations'}, 'entity': {'id': '857878777191211008', 'name': 'Leadership', 'description': 'Leadership'}}, {'domain': {'id': '131', 'name': 'Unified Twitter Taxonomy', 'description': 'A taxonomy of user interests. '}, 'entity': {'id': '808713037230157824', 'name': 'Elon Musk', 'description': 'Elon Musk'}}, {'domain': {'id': '131', 'name': 'Unified Twitter Taxonomy', 'description': 'A taxonomy of user interests. '}, 'entity': {'id': '1091420346660470784', 'name': 'Tech personalities', 'description': 'Tech Professionals'}}, {'domain': {'id': '131', 'name': 'Unified Twitter Taxonomy', 'description': 'A taxonomy of user interests. '}, 'entity': {'id': '1166406108623163392', 'name': 'Business personalities'}}]",en,"{'urls': [{'start': 137, 'end': 160, 'url': 'https://t.co/z82SNNC9Tt', 'expanded_url': 'https://twitter.com/bmecomics/status/1622372380428451840/photo/1', 'display_url': 'pic.twitter.com/z82SNNC9Tt', 'media_key': '3_1622372377479856135'}], 'annotations': [{'start': 51, 'end': 62, 'probability': 0.6423, 'type': 'Other', 'normalized_text': 'Maga Patriot'}, {'start': 132, 'end': 135, 'probability': 0.9447, 'type': 'Place', 'normalized_text': 'U.S.'}], 'mentions': [{'start': 13, 'end': 22, 'username': 'elonmusk', 'id': '44196397'}]}",1622372380428451840,1524056870520070151,,2023-02-05T23:11:32.000Z,False,{'media_keys': ['3_1622372377479856135']}
3,1622371665949728768,everyone,"[{'type': 'retweeted', 'id': '1621999563254136833'}]",['1622371665949728768'],"{'retweet_count': 579, 'reply_count': 0, 'like_count': 0, 'quote_count': 0, 'impression_count': 0}",RT @cb_doge: This tweet from @elonmusk is still undefeated ü§£ https://t.co/SFsxu8CWwV,"[{'domain': {'id': '46', 'name': 'Business Taxonomy', 'description': 'Categories within Brand Verticals that narrow down the scope of Brands'}, 'entity': {'id': '1557696848252391426', 'name': 'Financial Services Business', 'description': 'Brands, companies, advertisers and every non-person handle with the profit intent related to Banks, Credit cards, Insurance, Investments, Stocks '}}, {'domain': {'id': '46', 'name': 'Business Taxonomy', 'description': 'Categories within Brand Verticals that narrow down the scope of Brands'}, 'entity': {'id': '1557697333571112960', 'name': 'Technology Business', 'description': 'Brands, companies, advertisers and every non-person handle with the profit intent related to softwares, apps, communication equipments, hardwares'}}, {'domain': {'id': '10', 'name': 'Person', 'description': 'Named people in the world like Nelson Mandela'}, 'entity': {'id': '808713037230157824', 'name': 'Elon Musk', 'description': 'Elon Musk'}}, {'domain': {'id': '30', 'name': 'Entities [Entity Service]', 'description': 'Entity Service top level domain, every item that is in Entity Service should be in this domain'}, 'entity': {'id': '781974596752842752', 'name': 'Services'}}, {'domain': {'id': '47', 'name': 'Brand', 'description': 'Brands and Companies'}, 'entity': {'id': '10045225402', 'name': 'Twitter'}}, {'domain': {'id': '65', 'name': 'Interests and Hobbies Vertical', 'description': 'Top level interests and hobbies groupings, like Food or Travel'}, 'entity': {'id': '781974596148793345', 'name': 'Business & finance'}}, {'domain': {'id': '66', 'name': 'Interests and Hobbies Category', 'description': 'A grouping of interests and hobbies entities, like Novelty Food or Destinations'}, 'entity': {'id': '857878777191211008', 'name': 'Leadership', 'description': 'Leadership'}}, {'domain': {'id': '131', 'name': 'Unified Twitter Taxonomy', 'description': 'A taxonomy of user interests. '}, 'entity': {'id': '808713037230157824', 'name': 'Elon Musk', 'description': 'Elon Musk'}}, {'domain': {'id': '131', 'name': 'Unified Twitter Taxonomy', 'description': 'A taxonomy of user interests. '}, 'entity': {'id': '1091420346660470784', 'name': 'Tech personalities', 'description': 'Tech Professionals'}}, {'domain': {'id': '131', 'name': 'Unified Twitter Taxonomy', 'description': 'A taxonomy of user interests. '}, 'entity': {'id': '1166406108623163392', 'name': 'Business personalities'}}]",en,"{'urls': [{'start': 61, 'end': 84, 'url': 'https://t.co/SFsxu8CWwV', 'expanded_url': 'https://twitter.com/cb_doge/status/1621999563254136833/photo/1', 'display_url': 'pic.twitter.com/SFsxu8CWwV', 'media_key': '3_1621999551573028865'}], 'mentions': [{'start': 3, 'end': 11, 'username': 'cb_doge', 'id': '1389913567671975937'}, {'start': 29, 'end': 38, 'username': 'elonmusk', 'id': '44196397'}]}",1622371665949728768,4218373091,,2023-02-05T23:08:42.000Z,False,{'media_keys': ['3_1621999551573028865']}
4,1622286287951761408,everyone,"[{'type': 'replied_to', 'id': '1622366706495803396'}]",['1622367175200886784'],"{'retweet_count': 0, 'reply_count': 0, 'like_count': 0, 'quote_count': 0, 'impression_count': 9}","@hEnereyG And yeah, I‚Äôm sorry for using too many ‚Äúquotes.‚Äù 

I refuse to buy an edit function from @elonmusk.","[{'domain': {'id': '46', 'name': 'Business Taxonomy', 'description': 'Categories within Brand Verticals that narrow down the scope of Brands'}, 'entity': {'id': '1557696848252391426', 'name': 'Financial Services Business', 'description': 'Brands, companies, advertisers and every non-person handle with the profit intent related to Banks, Credit cards, Insurance, Investments, Stocks '}}, {'domain': {'id': '46', 'name': 'Business Taxonomy', 'description': 'Categories within Brand Verticals that narrow down the scope of Brands'}, 'entity': {'id': '1557697333571112960', 'name': 'Technology Business', 'description': 'Brands, companies, advertisers and every non-person handle with the profit intent related to softwares, apps, communication equipments, hardwares'}}, {'domain': {'id': '10', 'name': 'Person', 'description': 'Named people in the world like Nelson Mandela'}, 'entity': {'id': '808713037230157824', 'name': 'Elon Musk', 'description': 'Elon Musk'}}, {'domain': {'id': '65', 'name': 'Interests and Hobbies Vertical', 'description': 'Top level interests and hobbies groupings, like Food or Travel'}, 'entity': {'id': '781974596148793345', 'name': 'Business & finance'}}, {'domain': {'id': '66', 'name': 'Interests and Hobbies Category', 'description': 'A grouping of interests and hobbies entities, like Novelty Food or Destinations'}, 'entity': {'id': '857878777191211008', 'name': 'Leadership', 'description': 'Leadership'}}, {'domain': {'id': '131', 'name': 'Unified Twitter Taxonomy', 'description': 'A taxonomy of user interests. '}, 'entity': {'id': '808713037230157824', 'name': 'Elon Musk', 'description': 'Elon Musk'}}, {'domain': {'id': '131', 'name': 'Unified Twitter Taxonomy', 'description': 'A taxonomy of user interests. '}, 'entity': {'id': '1091420346660470784', 'name': 'Tech personalities', 'description': 'Tech Professionals'}}, {'domain': {'id': '131', 'name': 'Unified Twitter Taxonomy', 'description': 'A taxonomy of user interests. '}, 'entity': {'id': '1166406108623163392', 'name': 'Business personalities'}}]",en,"{'mentions': [{'start': 0, 'end': 9, 'username': 'hEnereyG', 'id': '115789316'}, {'start': 99, 'end': 108, 'username': 'elonmusk', 'id': '44196397'}]}",1622367175200886784,1403900800896696321,1403900800896696321,2023-02-05T22:50:51.000Z,False,
5,1622307669477412865,everyone,"[{'type': 'replied_to', 'id': '1622310370890194945'}]",['1622364980896210945'],"{'retweet_count': 0, 'reply_count': 0, 'like_count': 1, 'quote_count': 0, 'impression_count': 15}","@MikeBenzCyber @MonsieursGhost Why ask witnesses, if they‚Äôre likely not to say anything? The proof is in the code just get the code from @elonmusk.  He stated publicly how horrible and evil the marriage of IC/Social Media is. Why wouldn‚Äôt he just hand over the Code? Get the proof first, then ask the question","[{'domain': {'id': '46', 'name': 'Business Taxonomy', 'description': 'Categories within Brand Verticals that narrow down the scope of Brands'}, 'entity': {'id': '1557696848252391426', 'name': 'Financial Services Business', 'description': 'Brands, companies, advertisers and every non-person handle with the profit intent related to Banks, Credit cards, Insurance, Investments, Stocks '}}, {'domain': {'id': '46', 'name': 'Business Taxonomy', 'description': 'Categories within Brand Verticals that narrow down the scope of Brands'}, 'entity': {'id': '1557697333571112960', 'name': 'Technology Business', 'description': 'Brands, companies, advertisers and every non-person handle with the profit intent related to softwares, apps, communication equipments, hardwares'}}, {'domain': {'id': '10', 'name': 'Person', 'description': 'Named people in the world like Nelson Mandela'}, 'entity': {'id': '808713037230157824', 'name': 'Elon Musk', 'description': 'Elon Musk'}}, {'domain': {'id': '65', 'name': 'Interests and Hobbies Vertical', 'description': 'Top level interests and hobbies groupings, like Food or Travel'}, 'entity': {'id': '781974596148793345', 'name': 'Business & finance'}}, {'domain': {'id': '65', 'name': 'Interests and Hobbies Vertical', 'description': 'Top level interests and hobbies groupings, like Food or Travel'}, 'entity': {'id': '847896364256067584', 'name': 'Society', 'description': 'Society'}}, {'domain': {'id': '66', 'name': 'Interests and Hobbies Category', 'description': 'A grouping of interests and hobbies entities, like Novelty Food or Destinations'}, 'entity': {'id': '847896538105782272', 'name': 'Marriage', 'description': 'Marriage'}}, {'domain': {'id': '66', 'name': 'Interests and Hobbies Category', 'description': 'A grouping of interests and hobbies entities, like Novelty Food or Destinations'}, 'entity': {'id': '857878777191211008', 'name': 'Leadership', 'description': 'Leadership'}}, {'domain': {'id': '131', 'name': 'Unified Twitter Taxonomy', 'description': 'A taxonomy of user interests. '}, 'entity': {'id': '808713037230157824', 'name': 'Elon Musk', 'description': 'Elon Musk'}}, {'domain': {'id': '131', 'name': 'Unified Twitter Taxonomy', 'description': 'A taxonomy of user interests. '}, 'entity': {'id': '1091420346660470784', 'name': 'Tech personalities', 'description': 'Tech Professionals'}}, {'domain': {'id': '131', 'name': 'Unified Twitter Taxonomy', 'description': 'A taxonomy of user interests. '}, 'entity': {'id': '1166406108623163392', 'name': 'Business personalities'}}]",en,"{'mentions': [{'start': 0, 'end': 14, 'username': 'MikeBenzCyber', 'id': '1599510806680535042'}, {'start': 15, 'end': 30, 'username': 'MonsieursGhost', 'id': '765346724126658560'}, {'start': 137, 'end': 146, 'username': 'elonmusk', 'id': '44196397'}]}",1622364980896210945,297181217,1599510806680535042,2023-02-05T22:42:08.000Z,False,
6,1622362779788115968,everyone,"[{'type': 'retweeted', 'id': '1621999563254136833'}]",['1622362779788115968'],"{'retweet_count': 579, 'reply_count': 0, 'like_count': 0, 'quote_count': 0, 'impression_count': 0}",RT @cb_doge: This tweet from @elonmusk is still undefeated ü§£ https://t.co/SFsxu8CWwV,"[{'domain': {'id': '46', 'name': 'Business Taxonomy', 'description': 'Categories within Brand Verticals that narrow down the scope of Brands'}, 'entity': {'id': '1557696848252391426', 'name': 'Financial Services Business', 'description': 'Brands, companies, advertisers and every non-person handle with the profit intent related to Banks, Credit cards, Insurance, Investments, Stocks '}}, {'domain': {'id': '46', 'name': 'Business Taxonomy', 'description': 'Categories within Brand Verticals that narrow down the scope of Brands'}, 'entity': {'id': '1557697333571112960', 'name': 'Technology Business', 'description': 'Brands, companies, advertisers and every non-person handle with the profit intent related to softwares, apps, communication equipments, hardwares'}}, {'domain': {'id': '10', 'name': 'Person', 'description': 'Named people in the world like Nelson Mandela'}, 'entity': {'id': '808713037230157824', 'name': 'Elon Musk', 'description': 'Elon Musk'}}, {'domain': {'id': '30', 'name': 'Entities [Entity Service]', 'description': 'Entity Service top level domain, every item that is in Entity Service should be in this domain'}, 'entity': {'id': '781974596752842752', 'name': 'Services'}}, {'domain': {'id': '47', 'name': 'Brand', 'description': 'Brands and Companies'}, 'entity': {'id': '10045225402', 'name': 'Twitter'}}, {'domain': {'id': '65', 'name': 'Interests and Hobbies Vertical', 'description': 'Top level interests and hobbies groupings, like Food or Travel'}, 'entity': {'id': '781974596148793345', 'name': 'Business & finance'}}, {'domain': {'id': '66', 'name': 'Interests and Hobbies Category', 'description': 'A grouping of interests and hobbies entities, like Novelty Food or Destinations'}, 'entity': {'id': '857878777191211008', 'name': 'Leadership', 'description': 'Leadership'}}, {'domain': {'id': '131', 'name': 'Unified Twitter Taxonomy', 'description': 'A taxonomy of user interests. '}, 'entity': {'id': '808713037230157824', 'name': 'Elon Musk', 'description': 'Elon Musk'}}, {'domain': {'id': '131', 'name': 'Unified Twitter Taxonomy', 'description': 'A taxonomy of user interests. '}, 'entity': {'id': '1091420346660470784', 'name': 'Tech personalities', 'description': 'Tech Professionals'}}, {'domain': {'id': '131', 'name': 'Unified Twitter Taxonomy', 'description': 'A taxonomy of user interests. '}, 'entity': {'id': '1166406108623163392', 'name': 'Business personalities'}}]",en,"{'urls': [{'start': 61, 'end': 84, 'url': 'https://t.co/SFsxu8CWwV', 'expanded_url': 'https://twitter.com/cb_doge/status/1621999563254136833/photo/1', 'display_url': 'pic.twitter.com/SFsxu8CWwV', 'media_key': '3_1621999551573028865'}], 'mentions': [{'start': 3, 'end': 11, 'username': 'cb_doge', 'id': '1389913567671975937'}, {'start': 29, 'end': 38, 'username': 'elonmusk', 'id': '44196397'}]}",1622362779788115968,1542535261422247937,,2023-02-05T22:33:23.000Z,False,{'media_keys': ['3_1621999551573028865']}
7,1622360440805199873,everyone,,['1622360440805199873'],"{'retweet_count': 0, 'reply_count': 1, 'like_count': 1, 'quote_count': 0, 'impression_count': 32}","Tonights, buddies. I'm drunk enough not to drive. I'm not so drunk that I'm a total dick... Only thing missing is a massage from @elonmusk... My back hurts from the mopping. Don't worry. I was mopping dirt, not blood. (obviously,I'm joking about) Someone else wld do that (joke) . https://t.co/5wXqLmV5Rn","[{'domain': {'id': '46', 'name': 'Business Taxonomy', 'description': 'Categories within Brand Verticals that narrow down the scope of Brands'}, 'entity': {'id': '1557696848252391426', 'name': 'Financial Services Business', 'description': 'Brands, companies, advertisers and every non-person handle with the profit intent related to Banks, Credit cards, Insurance, Investments, Stocks '}}, {'domain': {'id': '46', 'name': 'Business Taxonomy', 'description': 'Categories within Brand Verticals that narrow down the scope of Brands'}, 'entity': {'id': '1557697333571112960', 'name': 'Technology Business', 'description': 'Brands, companies, advertisers and every non-person handle with the profit intent related to softwares, apps, communication equipments, hardwares'}}, {'domain': {'id': '10', 'name': 'Person', 'description': 'Named people in the world like Nelson Mandela'}, 'entity': {'id': '808713037230157824', 'name': 'Elon Musk', 'description': 'Elon Musk'}}, {'domain': {'id': '65', 'name': 'Interests and Hobbies Vertical', 'description': 'Top level interests and hobbies groupings, like Food or Travel'}, 'entity': {'id': '781974596148793345', 'name': 'Business & finance'}}, {'domain': {'id': '66', 'name': 'Interests and Hobbies Category', 'description': 'A grouping of interests and hobbies entities, like Novelty Food or Destinations'}, 'entity': {'id': '857878777191211008', 'name': 'Leadership', 'description': 'Leadership'}}, {'domain': {'id': '131', 'name': 'Unified Twitter Taxonomy', 'description': 'A taxonomy of user interests. '}, 'entity': {'id': '808713037230157824', 'name': 'Elon Musk', 'description': 'Elon Musk'}}, {'domain': {'id': '131', 'name': 'Unified Twitter Taxonomy', 'description': 'A taxonomy of user interests. '}, 'entity': {'id': '1091420346660470784', 'name': 'Tech personalities', 'description': 'Tech Professionals'}}, {'domain': {'id': '131', 'name': 'Unified Twitter Taxonomy', 'description': 'A taxonomy of user interests. '}, 'entity': {'id': '1166406108623163392', 'name': 'Business personalities'}}]",en,"{'urls': [{'start': 281, 'end': 304, 'url': 'https://t.co/5wXqLmV5Rn', 'expanded_url': 'https://twitter.com/IamClaireField/status/1622360440805199873/photo/1', 'display_url': 'pic.twitter.com/5wXqLmV5Rn', 'media_key': '3_1622360437848162305'}], 'mentions': [{'start': 129, 'end': 138, 'username': 'elonmusk', 'id': '44196397'}]}",1622360440805199873,41584416,,2023-02-05T22:24:05.000Z,True,{'media_keys': ['3_1622360437848162305']}
8,1622360125066596352,everyone,,['1622360125066596352'],"{'retweet_count': 0, 'reply_count': 0, 'like_count': 0, 'quote_count': 0, 'impression_count': 10}",@ryancohen and the rest of the clowns at @GameStop need to take a lesson from @elonmusk in how to run a business and provide value for shareholders,"[{'domain': {'id': '45', 'name': 'Brand Vertical', 'description': 'Top level entities that describe a Brands industry'}, 'entity': {'id': '781974597310615553', 'name': 'Entertainment'}}, {'domain': {'id': '30', 'name': 'Entities [Entity Service]', 'description': 'Entity Service top level domain, every item that is in Entity Service should be in this domain'}, 'entity': {'id': '781974597218340864', 'name': 'Video Games - Entertainment'}}, {'domain': {'id': '46', 'name': 'Business Taxonomy', 'description': 'Categories within Brand Verticals that narrow down the scope of Brands'}, 'entity': {'id': '1557696848252391426', 'name': 'Financial Services Business', 'description': 'Brands, companies, advertisers and every non-person handle with the profit intent related to Banks, Credit cards, Insurance, Investments, Stocks '}}, {'domain': {'id': '46', 'name': 'Business Taxonomy', 'description': 'Categories within Brand Verticals that narrow down the scope of Brands'}, 'entity': {'id': '1557697333571112960', 'name': 'Technology Business', 'description': 'Brands, companies, advertisers and every non-person handle with the profit intent related to softwares, apps, communication equipments, hardwares'}}, {'domain': {'id': '47', 'name': 'Brand', 'description': 'Brands and Companies'}, 'entity': {'id': '1354885514906624003', 'name': 'GameStop'}}, {'domain': {'id': '131', 'name': 'Unified Twitter Taxonomy', 'description': 'A taxonomy of user interests. '}, 'entity': {'id': '1354885514906624003', 'name': 'GameStop'}}, {'domain': {'id': '10', 'name': 'Person', 'description': 'Named people in the world like Nelson Mandela'}, 'entity': {'id': '808713037230157824', 'name': 'Elon Musk', 'description': 'Elon Musk'}}, {'domain': {'id': '65', 'name': 'Interests and Hobbies Vertical', 'description': 'Top level interests and hobbies groupings, like Food or Travel'}, 'entity': {'id': '781974596148793345', 'name': 'Business & finance'}}, {'domain': {'id': '66', 'name': 'Interests and Hobbies Category', 'description': 'A grouping of interests and hobbies entities, like Novelty Food or Destinations'}, 'entity': {'id': '857878777191211008', 'name': 'Leadership', 'description': 'Leadership'}}, {'domain': {'id': '131', 'name': 'Unified Twitter Taxonomy', 'description': 'A taxonomy of user interests. '}, 'entity': {'id': '808713037230157824', 'name': 'Elon Musk', 'description': 'Elon Musk'}}, {'domain': {'id': '131', 'name': 'Unified Twitter Taxonomy', 'description': 'A taxonomy of user interests. '}, 'entity': {'id': '1091420346660470784', 'name': 'Tech personalities', 'description': 'Tech Professionals'}}, {'domain': {'id': '131', 'name': 'Unified Twitter Taxonomy', 'description': 'A taxonomy of user interests. '}, 'entity': {'id': '1166406108623163392', 'name': 'Business personalities'}}]",en,"{'mentions': [{'start': 0, 'end': 10, 'username': 'ryancohen', 'id': '1146058067244486656'}, {'start': 41, 'end': 50, 'username': 'GameStop', 'id': '22258315'}, {'start': 78, 'end': 87, 'username': 'elonmusk', 'id': '44196397'}]}",1622360125066596352,1534374930904666112,1146058067244486656,2023-02-05T22:22:50.000Z,False,
9,1622359128902352896,everyone,"[{'type': 'retweeted', 'id': '1620220374071005184'}]",['1622359128902352896'],"{'retweet_count': 111, 'reply_count': 0, 'like_count': 0, 'quote_count': 0, 'impression_count': 0}","RT @alx: Also, has @GOPOversight requested information from @ElonMusk not already revealed in the #TwitterFiles about the requests from the‚Ä¶","[{'domain': {'id': '46', 'name': 'Business Taxonomy', 'description': 'Categories within Brand Verticals that narrow down the scope of Brands'}, 'entity': {'id': '1557696848252391426', 'name': 'Financial Services Business', 'description': 'Brands, companies, advertisers and every non-person handle with the profit intent related to Banks, Credit cards, Insurance, Investments, Stocks '}}, {'domain': {'id': '46', 'name': 'Business Taxonomy', 'description': 'Categories within Brand Verticals that narrow down the scope of Brands'}, 'entity': {'id': '1557697333571112960', 'name': 'Technology Business', 'description': 'Brands, companies, advertisers and every non-person handle with the profit intent related to softwares, apps, communication equipments, hardwares'}}, {'domain': {'id': '10', 'name': 'Person', 'description': 'Named people in the world like Nelson Mandela'}, 'entity': {'id': '808713037230157824', 'name': 'Elon Musk', 'description': 'Elon Musk'}}, {'domain': {'id': '65', 'name': 'Interests and Hobbies Vertical', 'description': 'Top level interests and hobbies groupings, like Food or Travel'}, 'entity': {'id': '781974596148793345', 'name': 'Business & finance'}}, {'domain': {'id': '66', 'name': 'Interests and Hobbies Category', 'description': 'A grouping of interests and hobbies entities, like Novelty Food or Destinations'}, 'entity': {'id': '857878777191211008', 'name': 'Leadership', 'description': 'Leadership'}}, {'domain': {'id': '131', 'name': 'Unified Twitter Taxonomy', 'description': 'A taxonomy of user interests. '}, 'entity': {'id': '808713037230157824', 'name': 'Elon Musk', 'description': 'Elon Musk'}}, {'domain': {'id': '131', 'name': 'Unified Twitter Taxonomy', 'description': 'A taxonomy of user interests. '}, 'entity': {'id': '1091420346660470784', 'name': 'Tech personalities', 'description': 'Tech Professionals'}}, {'domain': {'id': '131', 'name': 'Unified Twitter Taxonomy', 'description': 'A taxonomy of user interests. '}, 'entity': {'id': '1166406108623163392', 'name': 'Business personalities'}}]",en,"{'annotations': [{'start': 99, 'end': 110, 'probability': 0.8943, 'type': 'Other', 'normalized_text': 'TwitterFiles'}], 'mentions': [{'start': 3, 'end': 7, 'username': 'alx', 'id': '534023'}, {'start': 19, 'end': 32, 'username': 'GOPoversight', 'id': '22508473'}, {'start': 60, 'end': 69, 'username': 'elonmusk', 'id': '44196397'}], 'hashtags': [{'start': 98, 'end': 111, 'tag': 'TwitterFiles'}]}",1622359128902352896,24249934,,2023-02-05T22:18:52.000Z,False,
